TEX@SEA,MIN@OAK,SFG@LAD,COL@SDP,ATL@ARI,ANA@HOU,CHC@MIL,KCR@CWS,STL@CIN,DET@CLE,BOS@TOR,WAS@NYM,NYY@BAL,PIT@TBD,PHI@MIA
TEX@SEA,MIN@OAK,COL@SDP,ATL@ARI,ANA@HOU,BOS@TOR,PHI@MIA,,,,,,,,
TEX@SEA,MIN@OAK,SFG@LAD,COL@SDP,ATL@ARI,ANA@HOU,CHC@MIL,KCR@CWS,STL@CIN,DET@CLE,BOS@TOR,WAS@NYM,NYY@BAL,PIT@TBD,PHI@MIA
TEX@SEA,MIN@OAK,SFG@LAD,COL@SDP,ATL@ARI,ANA@HOU,CHC@MIL,KCR@CWS,STL@CIN,DET@CLE,BOS@TOR,WAS@NYM,NYY@BAL,PIT@TBD,PHI@MIA
MIN@SEA,HOU@OAK,COL@LAD,ATL@SDP,SFG@ARI,STL@MIL,PIT@CHC,KCR@DET,CWS@CLE,CIN@TOR,PHI@NYM,BOS@BAL,NYY@TBD,WAS@MIA,
MIN@SEA,HOU@OAK,COL@LAD,ATL@SDP,SFG@ARI,ANA@TEX,STL@MIL,PIT@CHC,CWS@CLE,CIN@TOR,PHI@NYM,BOS@BAL,NYY@TBD,WAS@MIA,
MIN@SEA,HOU@OAK,COL@LAD,ATL@SDP,SFG@ARI,ANA@TEX,STL@MIL,PIT@CHC,KCR@DET,CWS@CLE,CIN@TOR,PHI@NYM,BOS@BAL,NYY@TBD,WAS@MIA
ANA@TEX,SEA@KCR,BAL@STL,OAK@MIN,CLE@DET,CIN@PIT,CWS@BOS,TOR@NYY,MIL@PHI,NYM@WAS,,,,,
LAD@SFG,HOU@ANA,SDP@COL,TBD@TEX,ARI@CHC,CLE@DET,MIA@ATL,,,,,,,,
LAD@SFG,HOU@ANA,SDP@COL,TBD@TEX,SEA@KCR,BAL@STL,OAK@MIN,ARI@CHC,CLE@DET,CIN@PIT,CWS@BOS,TOR@NYY,MIL@PHI,NYM@WAS,MIA@ATL
LAD@SFG,HOU@ANA,SDP@COL,TBD@TEX,SEA@KCR,BAL@STL,OAK@MIN,ARI@CHC,CLE@DET,CIN@PIT,CWS@BOS,TOR@NYY,MIL@PHI,NYM@WAS,MIA@ATL
ARI@SFG,OAK@ANA,DET@KCR,LAD@STL,CLE@MIN,SEA@CWS,MIL@CIN,CHC@PIT,TBD@BOS,BAL@NYY,TOR@PHI,MIA@WAS,SDP@ATL,,
ARI@SFG,OAK@ANA,TEX@COL,NYM@HOU,DET@KCR,LAD@STL,CLE@MIN,SEA@CWS,MIL@CIN,CHC@PIT,TBD@BOS,BAL@NYY,TOR@PHI,MIA@WAS,SDP@ATL
ARI@SFG,OAK@ANA,TEX@COL,NYM@HOU,DET@KCR,LAD@STL,CLE@MIN,SEA@CWS,CHC@PIT,TBD@BOS,BAL@NYY,MIA@WAS,SDP@ATL,,
BOS@SEA,ARI@SFG,LAD@STL,NYM@MIL,PHI@CIN,TBD@CLE,CHC@PIT,KCR@TOR,BAL@NYY,ATL@MIA,,,,,
BOS@SEA,NYY@OAK,WAS@LAD,SFG@SDP,COL@ARI,HOU@TEX,NYM@MIL,STL@CHC,MIN@CWS,ANA@DET,PHI@CIN,TBD@CLE,KCR@TOR,PIT@BAL,ATL@MIA
BOS@SEA,NYY@OAK,WAS@LAD,SFG@SDP,COL@ARI,HOU@TEX,NYM@MIL,STL@CHC,MIN@CWS,ANA@DET,PHI@CIN,TBD@CLE,KCR@TOR,PIT@BAL,ATL@MIA
BOS@SEA,NYY@OAK,WAS@LAD,SFG@SDP,COL@ARI,HOU@TEX,NYM@MIL,STL@CHC,MIN@CWS,ANA@DET,PHI@CIN,TBD@CLE,KCR@TOR,PIT@BAL,ATL@MIA
WAS@SEA,BOS@OAK,NYY@TEX,CWS@KCR,PHI@MIL,MIN@TOR,ATL@NYM,HOU@TBD,,,,,,,
WAS@SEA,BOS@OAK,STL@LAD,COL@SDP,PIT@ARI,NYY@TEX,CWS@KCR,PHI@MIL,SFG@CIN,DET@CLE,MIN@TOR,ATL@NYM,CHC@BAL,HOU@TBD,ANA@MIA
BOS@OAK,STL@LAD,COL@SDP,PIT@ARI,NYY@TEX,CWS@KCR,PHI@MIL,SFG@CIN,DET@CLE,MIN@TOR,ATL@NYM,CHC@BAL,HOU@TBD,ANA@MIA,
SEA@OAK,STL@LAD,COL@SDP,PIT@ARI,PHI@MIL,TEX@CWS,SFG@CIN,DET@CLE,ATL@NYM,CHC@WAS,,,,,
SEA@OAK,PIT@LAD,STL@COL,ANA@HOU,BAL@KCR,DET@MIN,TEX@CWS,CLE@BOS,CIN@NYY,MIL@NYM,MIA@PHI,CHC@WAS,SFG@ATL,TOR@TBD,
SEA@OAK,PIT@LAD,SDP@ARI,STL@COL,ANA@HOU,BAL@KCR,DET@MIN,TEX@CWS,CLE@BOS,CIN@NYY,MIL@NYM,MIA@PHI,CHC@WAS,SFG@ATL,TOR@TBD
SEA@OAK,PIT@LAD,SDP@ARI,STL@COL,ANA@HOU,BAL@KCR,DET@MIN,TEX@CWS,CLE@BOS,CIN@NYY,MIL@NYM,MIA@PHI,CHC@WAS,SFG@ATL,TOR@TBD
BAL@ANA,TBD@HOU,CIN@STL,SEA@MIN,KCR@CWS,NYY@DET,CLE@BOS,,,,,,,,
COL@SFG,BAL@ANA,TBD@HOU,CIN@STL,SEA@MIN,SDP@CHC,KCR@CWS,NYY@DET,OAK@CLE,MIL@PIT,TOR@BOS,MIA@NYM,TEX@PHI,LAD@WAS,ARI@ATL
COL@SFG,BAL@ANA,TBD@HOU,CIN@STL,SEA@MIN,SDP@CHC,KCR@CWS,NYY@DET,OAK@CLE,MIL@PIT,TOR@BOS,MIA@NYM,TEX@PHI,LAD@WAS,ARI@ATL
COL@SFG,CWS@ANA,TBD@HOU,SEA@MIN,SDP@CHC,NYY@DET,OAK@CLE,MIL@PIT,TOR@BOS,MIA@NYM,LAD@WAS,ARI@ATL,,,
WAS@SFG,CWS@ANA,MIL@COL,SEA@TEX,OAK@HOU,MIA@STL,BOS@MIN,PHI@CHC,SDP@DET,ARI@CIN,LAD@PIT,CLE@NYY,TOR@BAL,NYM@ATL,KCR@TBD
WAS@SFG,CWS@ANA,MIL@COL,SEA@TEX,OAK@HOU,MIA@STL,BOS@MIN,PHI@CHC,SDP@DET,ARI@CIN,LAD@PIT,CLE@NYY,TOR@BAL,NYM@ATL,KCR@TBD
WAS@SFG,CWS@ANA,MIL@COL,SEA@TEX,OAK@HOU,MIA@STL,BOS@MIN,PHI@CHC,SDP@DET,ARI@CIN,LAD@PIT,CLE@NYY,TOR@BAL,NYM@ATL,KCR@TBD
PHI@SFG,STL@SDP,OAK@TEX,PIT@CHC,ATL@CIN,BOS@TOR,KCR@BAL,CLE@TBD,,,,,,,
ANA@SEA,PHI@SFG,MIN@LAD,STL@SDP,HOU@ARI,CWS@COL,OAK@TEX,WAS@MIL,PIT@CHC,ATL@CIN,BOS@TOR,DET@NYY,KCR@BAL,CLE@TBD,NYM@MIA
ANA@SEA,PHI@SFG,MIN@LAD,STL@SDP,HOU@ARI,CWS@COL,OAK@TEX,WAS@MIL,PIT@CHC,ATL@CIN,BOS@TOR,DET@NYY,KCR@BAL,CLE@TBD,NYM@MIA
HOU@SEA,TBD@OAK,STL@SDP,CHC@ARI,WAS@MIL,DET@NYY,KCR@BAL,NYM@MIA,,,,,,,
HOU@SEA,TBD@OAK,MIN@ANA,LAD@SDP,CHC@ARI,DET@KCR,STL@MIL,BAL@CWS,SFG@CLE,NYY@TOR,TEX@BOS,ATL@NYM,COL@PHI,CIN@WAS,PIT@MIA
HOU@SEA,TBD@OAK,MIN@ANA,LAD@SDP,CHC@ARI,DET@KCR,STL@MIL,BAL@CWS,SFG@CLE,NYY@TOR,TEX@BOS,ATL@NYM,COL@PHI,CIN@WAS,PIT@MIA
HOU@SEA,TBD@OAK,MIN@ANA,LAD@SDP,CHC@ARI,DET@KCR,STL@MIL,BAL@CWS,SFG@CLE,NYY@TOR,TEX@BOS,ATL@NYM,COL@PHI,CIN@WAS,PIT@MIA
SEA@OAK,CHC@LAD,HOU@KCR,SDP@STL,SFG@MIN,COL@DET,TEX@CLE,BAL@TOR,CIN@NYM,ATL@PHI,MIL@MIA,,,,
SEA@OAK,CHC@LAD,HOU@KCR,SDP@STL,SFG@MIN,TBD@CWS,COL@DET,TEX@CLE,BAL@TOR,ANA@BOS,PIT@NYY,CIN@NYM,ATL@PHI,ARI@WAS,MIL@MIA
SEA@OAK,CHC@LAD,HOU@KCR,SDP@STL,SFG@MIN,TBD@CWS,COL@DET,TEX@CLE,BAL@TOR,ANA@BOS,PIT@NYY,CIN@NYM,ATL@PHI,ARI@WAS,MIL@MIA
CIN@COL,SEA@HOU,TBD@CWS,TEX@CLE,ANA@BOS,ARI@WAS,MIL@MIA,,,,,,,,
CWS@SFG,TOR@OAK,SDP@LAD,CIN@COL,SEA@HOU,NYM@STL,KCR@MIN,ARI@MIL,WAS@CHC,CLE@DET,PHI@PIT,BOS@NYY,ANA@BAL,MIA@ATL,TEX@TBD
CWS@SFG,TOR@OAK,SDP@LAD,CIN@COL,SEA@HOU,NYM@STL,KCR@MIN,ARI@MIL,WAS@CHC,CLE@DET,PHI@PIT,BOS@NYY,ANA@BAL,MIA@ATL,TEX@TBD
CWS@SFG,TOR@OAK,SDP@LAD,CIN@COL,SEA@HOU,NYM@STL,KCR@MIN,ARI@MIL,WAS@CHC,CLE@DET,PHI@PIT,BOS@NYY,ANA@BAL,MIA@ATL,TEX@TBD
WAS@ANA,CWS@SDP,NYM@ARI,SFG@COL,TOR@TEX,KCR@HOU,MIL@CHC,MIN@DET,MIA@CIN,STL@PIT,CLE@BAL,NYY@TBD,,,
OAK@SEA,WAS@ANA,CWS@SDP,NYM@ARI,SFG@COL,TOR@TEX,KCR@HOU,MIL@CHC,MIN@DET,MIA@CIN,STL@PIT,LAD@PHI,CLE@BAL,BOS@ATL,NYY@TBD
OAK@SEA,WAS@ANA,CWS@SDP,NYM@ARI,SFG@COL,TOR@TEX,KCR@HOU,MIL@CHC,MIN@DET,MIA@CIN,STL@PIT,LAD@PHI,CLE@BAL,BOS@ATL,NYY@TBD
OAK@SEA,CHC@SDP,WAS@ARI,SFG@COL,BOS@TEX,TOR@CWS,MIN@DET,MIL@CIN,LAD@PHI,NYY@TBD,,,,,
DET@SEA,ATL@SFG,OAK@ANA,CHC@SDP,WAS@ARI,BOS@TEX,NYY@HOU,LAD@KCR,TOR@CWS,MIL@CIN,MIN@CLE,PIT@NYM,STL@PHI,BAL@TBD,COL@MIA
DET@SEA,ATL@SFG,OAK@ANA,CHC@SDP,WAS@ARI,BOS@TEX,NYY@HOU,LAD@KCR,TOR@CWS,MIL@CIN,MIN@CLE,PIT@NYM,STL@PHI,BAL@TBD,COL@MIA
DET@SEA,ATL@SFG,OAK@ANA,CHC@SDP,WAS@ARI,BOS@TEX,NYY@HOU,LAD@KCR,TOR@CWS,MIL@CIN,MIN@CLE,PIT@NYM,STL@PHI,BAL@TBD,COL@MIA
PHI@LAD,ANA@KCR,ATL@STL,BAL@MIN,HOU@TOR,PIT@NYM,,,,,,,,,
DET@SFG,TEX@OAK,PHI@LAD,ANA@KCR,ATL@STL,BAL@MIN,NYY@MIL,COL@CWS,CIN@CLE,CHC@PIT,HOU@TOR,TBD@BOS,ARI@NYM,SEA@WAS,SDP@MIA
DET@SFG,TEX@OAK,PHI@LAD,ANA@KCR,ATL@STL,BAL@MIN,NYY@MIL,COL@CWS,CIN@CLE,CHC@PIT,HOU@TOR,TBD@BOS,ARI@NYM,SEA@WAS,SDP@MIA
TEX@OAK,ANA@KCR,ATL@STL,CWS@MIN,NYY@MIL,CHC@PIT,BAL@TOR,TBD@BOS,ARI@NYM,SDP@MIA,,,,,
ANA@OAK,CLE@LAD,PHI@COL,TEX@KCR,ARI@STL,CWS@MIN,CHC@MIL,TBD@DET,SDP@CIN,SFG@PIT,BAL@TOR,HOU@BOS,SEA@NYY,MIA@WAS,NYM@ATL
ANA@OAK,CLE@LAD,PHI@COL,TEX@KCR,ARI@STL,CWS@MIN,CHC@MIL,TBD@DET,SDP@CIN,SFG@PIT,BAL@TOR,HOU@BOS,SEA@NYY,MIA@WAS,NYM@ATL
ANA@OAK,CLE@LAD,PHI@COL,TEX@KCR,ARI@STL,CWS@MIN,CHC@MIL,TBD@DET,SDP@CIN,SFG@PIT,BAL@TOR,HOU@BOS,SEA@NYY,MIA@WAS,NYM@ATL
CLE@ANA,LAD@COL,OAK@HOU,TBD@DET,SDP@CIN,SFG@PIT,KCR@BOS,SEA@NYY,CWS@BAL,MIA@WAS,STL@ATL,,,,
CLE@ANA,ARI@SDP,LAD@COL,WAS@TEX,OAK@HOU,SFG@MIL,MIA@CHC,SEA@DET,PIT@CIN,KCR@BOS,MIN@NYY,NYM@PHI,CWS@BAL,STL@ATL,TOR@TBD
CLE@ANA,ARI@SDP,LAD@COL,WAS@TEX,OAK@HOU,SFG@MIL,MIA@CHC,SEA@DET,PIT@CIN,KCR@BOS,MIN@NYY,NYM@PHI,CWS@BAL,STL@ATL,TOR@TBD
ARI@SDP,LAD@COL,WAS@TEX,OAK@HOU,SFG@MIL,MIA@CHC,SEA@DET,PIT@CIN,KCR@BOS,MIN@NYY,NYM@PHI,CWS@BAL,TOR@TBD,,
ATL@SEA,COL@SFG,NYY@ANA,MIA@SDP,DET@ARI,OAK@TEX,BOS@HOU,PIT@STL,CIN@CHC,MIN@CWS,KCR@CLE,LAD@NYM,WAS@PHI,TOR@BAL,
ATL@SEA,COL@SFG,NYY@ANA,MIA@SDP,DET@ARI,OAK@TEX,BOS@HOU,PIT@STL,CIN@CHC,MIN@CWS,KCR@CLE,LAD@NYM,WAS@PHI,TOR@BAL,MIL@TBD
ATL@SEA,COL@SFG,NYY@ANA,MIA@SDP,DET@ARI,OAK@TEX,BOS@HOU,PIT@STL,CIN@CHC,MIN@CWS,KCR@CLE,LAD@NYM,WAS@PHI,TOR@BAL,MIL@TBD
NYY@SEA,SDP@SFG,ATL@LAD,COL@ARI,ANA@TEX,TOR@STL,TBD@MIN,CIN@CHC,BOS@CLE,MIL@WAS,,,,,
NYY@SEA,SDP@SFG,DET@OAK,ATL@LAD,COL@ARI,ANA@TEX,CWS@KCR,TOR@STL,TBD@MIN,BAL@CHC,BOS@CLE,CIN@PIT,HOU@NYM,MIL@WAS,PHI@MIA
NYY@SEA,SDP@SFG,DET@OAK,ATL@LAD,COL@ARI,ANA@TEX,CWS@KCR,TBD@MIN,BAL@CHC,BOS@CLE,CIN@PIT,HOU@NYM,MIL@WAS,PHI@MIA,
SDP@SFG,DET@OAK,COL@LAD,CWS@KCR,ANA@MIN,CHC@CIN,STL@PIT,TEX@TOR,NYM@WAS,PHI@MIA,,,,,
COL@LAD,SDP@ARI,CLE@KCR,ANA@MIN,DET@CWS,CHC@CIN,STL@PIT,TEX@TOR,MIL@BOS,TBD@NYY,HOU@BAL,NYM@WAS,PHI@ATL,SEA@MIA,
SFG@OAK,COL@LAD,SDP@ARI,CLE@KCR,ANA@MIN,DET@CWS,CHC@CIN,STL@PIT,TEX@TOR,MIL@BOS,TBD@NYY,HOU@BAL,NYM@WAS,PHI@ATL,SEA@MIA
SFG@OAK,COL@LAD,SDP@ARI,CLE@KCR,ANA@MIN,DET@CWS,CHC@CIN,STL@PIT,TEX@TOR,MIL@BOS,TBD@NYY,HOU@BAL,NYM@WAS,PHI@ATL,SEA@MIA
STL@NYM,CHC@PHI,,,,,,,,,,,,,
PIT@SFG,MIA@ANA,ARI@COL,TEX@HOU,SDP@MIL,CLE@CWS,OAK@DET,LAD@CIN,SEA@TOR,KCR@NYY,STL@NYM,CHC@PHI,MIN@BAL,WAS@ATL,BOS@TBD
PIT@SFG,MIA@ANA,ARI@COL,TEX@HOU,SDP@MIL,CLE@CWS,OAK@DET,LAD@CIN,SEA@TOR,KCR@NYY,STL@NYM,CHC@PHI,MIN@BAL,WAS@ATL,BOS@TBD
PIT@SFG,ARI@COL,TEX@HOU,SDP@MIL,CLE@CWS,OAK@DET,LAD@CIN,SEA@TOR,KCR@NYY,MIN@BAL,WAS@ATL,BOS@TBD,,,
MIA@SFG,SEA@ANA,ARI@SDP,PIT@COL,CLE@TEX,CWS@HOU,MIN@KCR,CIN@MIL,TOR@DET,NYY@BOS,WAS@NYM,OAK@PHI,LAD@ATL,BAL@TBD,
MIA@SFG,SEA@ANA,ARI@SDP,PIT@COL,CLE@TEX,CWS@HOU,MIN@KCR,CHC@STL,CIN@MIL,TOR@DET,NYY@BOS,WAS@NYM,OAK@PHI,LAD@ATL,BAL@TBD
MIA@SFG,SEA@ANA,ARI@SDP,PIT@COL,CLE@TEX,CWS@HOU,MIN@KCR,CHC@STL,CIN@MIL,TOR@DET,NYY@BOS,WAS@NYM,OAK@PHI,LAD@ATL,BAL@TBD
ANA@OAK,ARI@LAD,KCR@TEX,BAL@CLE,,,,,,,,,,,
HOU@SEA,ANA@OAK,ARI@LAD,CIN@SDP,KCR@TEX,COL@STL,MIL@MIN,NYM@CHC,CWS@DET,BAL@CLE,NYY@PIT,TBD@TOR,ATL@BOS,MIA@PHI,SFG@WAS
HOU@SEA,ANA@OAK,ARI@LAD,CIN@SDP,KCR@TEX,COL@STL,MIL@MIN,NYM@CHC,CWS@DET,BAL@CLE,NYY@PIT,TBD@TOR,ATL@BOS,MIA@PHI,SFG@WAS
KCR@SEA,ARI@LAD,TEX@ANA,CIN@SDP,COL@STL,NYY@MIN,NYM@CHC,CWS@DET,BAL@CLE,TBD@TOR,MIA@PHI,SFG@WAS,,,
KCR@SEA,HOU@OAK,DET@LAD,TEX@ANA,MIL@ARI,SDP@COL,CIN@STL,NYY@MIN,BOS@CHC,CWS@CLE,TOR@PIT,PHI@NYM,TBD@BAL,ATL@WAS,SFG@MIA
KCR@SEA,HOU@OAK,DET@LAD,TEX@ANA,MIL@ARI,SDP@COL,CIN@STL,NYY@MIN,BOS@CHC,CWS@CLE,TOR@PIT,PHI@NYM,TBD@BAL,ATL@WAS,SFG@MIA
KCR@SEA,HOU@OAK,DET@LAD,TEX@ANA,MIL@ARI,SDP@COL,CIN@STL,NYY@MIN,BOS@CHC,CWS@CLE,TOR@PIT,PHI@NYM,TBD@BAL,ATL@WAS,SFG@MIA
TEX@SEA,NYM@SFG,BOS@ANA,LAD@ARI,KCR@COL,MIN@HOU,TOR@MIL,DET@CWS,BAL@NYY,PIT@WAS,PHI@ATL,STL@MIA,,,
TEX@SEA,NYM@SFG,BOS@ANA,CLE@SDP,LAD@ARI,KCR@COL,MIN@HOU,TOR@MIL,DET@CWS,CHC@CIN,BAL@NYY,PIT@WAS,PHI@ATL,OAK@TBD,STL@MIA
TEX@SEA,NYM@SFG,BOS@ANA,CLE@SDP,LAD@ARI,KCR@COL,MIN@HOU,TOR@MIL,DET@CWS,CHC@CIN,BAL@NYY,PIT@WAS,PHI@ATL,OAK@TBD,STL@MIA
NYM@SFG,DET@CWS,CHC@CIN,PIT@WAS,PHI@ATL,OAK@TBD,STL@MIA,,,,,,,,
LAD@SFG,NYM@SDP,TEX@HOU,CLE@KCR,COL@MIN,PIT@MIL,OAK@CWS,WAS@CIN,ANA@TOR,STL@BOS,CHC@NYY,ARI@PHI,DET@BAL,SEA@TBD,ATL@MIA
LAD@SFG,NYM@SDP,TEX@HOU,CLE@KCR,COL@MIN,PIT@MIL,OAK@CWS,WAS@CIN,ANA@TOR,STL@BOS,CHC@NYY,ARI@PHI,DET@BAL,SEA@TBD,ATL@MIA
LAD@SFG,NYM@SDP,TEX@HOU,CLE@KCR,COL@MIN,PIT@MIL,OAK@CWS,WAS@CIN,ANA@TOR,STL@BOS,CHC@NYY,ARI@PHI,DET@BAL,SEA@TBD,ATL@MIA
MIA@OAK,CIN@LAD,ATL@TEX,WAS@STL,MIL@CHC,HOU@CLE,COL@PIT,SEA@BOS,ARI@PHI,NYY@BAL,ANA@TBD,,,,
MIA@OAK,CIN@LAD,ATL@TEX,ARI@KCR,WAS@STL,MIL@CHC,MIN@DET,HOU@CLE,COL@PIT,CWS@TOR,SEA@BOS,SFG@NYM,SDP@PHI,NYY@BAL,ANA@TBD
MIA@OAK,CIN@LAD,ATL@TEX,ARI@KCR,WAS@STL,MIL@CHC,MIN@DET,HOU@CLE,COL@PIT,CWS@TOR,SEA@BOS,SFG@NYM,SDP@PHI,NYY@BAL,ANA@TBD
BAL@OAK,CIN@LAD,WAS@STL,MIL@CHC,MIN@DET,HOU@CLE,CWS@TOR,SFG@NYM,SDP@PHI,ANA@TBD,,,,,
PHI@SEA,BAL@OAK,MIA@LAD,CIN@ARI,SFG@COL,CWS@TEX,MIL@STL,TBD@CHC,KCR@DET,MIN@CLE,BOS@PIT,NYY@TOR,SDP@NYM,HOU@WAS,ANA@ATL
PHI@SEA,BAL@OAK,MIA@LAD,CIN@ARI,SFG@COL,CWS@TEX,MIL@STL,TBD@CHC,KCR@DET,MIN@CLE,BOS@PIT,NYY@TOR,SDP@NYM,HOU@WAS,ANA@ATL
PHI@SEA,BAL@OAK,MIA@LAD,CIN@ARI,SFG@COL,CWS@TEX,MIL@STL,TBD@CHC,KCR@DET,MIN@CLE,BOS@PIT,NYY@TOR,SDP@NYM,HOU@WAS,ANA@ATL
BAL@SEA,DET@ANA,ARI@COL,KCR@MIN,TOR@BOS,SDP@NYM,PIT@ATL,,,,,,,,
BAL@SEA,OAK@SFG,DET@ANA,LAD@SDP,ARI@COL,PHI@HOU,KCR@MIN,TBD@MIL,CHC@CWS,CLE@CIN,TOR@BOS,NYM@NYY,STL@WAS,PIT@ATL,TEX@MIA
BAL@SEA,OAK@SFG,DET@ANA,LAD@SDP,ARI@COL,PHI@HOU,KCR@MIN,TBD@MIL,CHC@CWS,CLE@CIN,TOR@BOS,NYM@NYY,STL@WAS,PIT@ATL,TEX@MIA
OAK@SEA,DET@ANA,LAD@SDP,PHI@HOU,TOR@MIN,COL@MIL,KCR@CLE,STL@WAS,PIT@ATL,TEX@MIA,,,,,
OAK@SEA,SDP@SFG,LAD@ANA,DET@HOU,TOR@MIN,COL@MIL,ARI@CWS,PIT@CIN,KCR@CLE,BAL@BOS,TEX@NYY,PHI@WAS,CHC@ATL,STL@TBD,NYM@MIA
OAK@SEA,SDP@SFG,LAD@ANA,DET@HOU,TOR@MIN,COL@MIL,ARI@CWS,PIT@CIN,KCR@CLE,BAL@BOS,TEX@NYY,PHI@WAS,CHC@ATL,STL@TBD,NYM@MIA
OAK@SEA,SDP@SFG,DET@HOU,TOR@MIN,COL@MIL,ARI@CWS,PIT@CIN,KCR@CLE,BAL@BOS,TEX@NYY,PHI@WAS,CHC@ATL,STL@TBD,NYM@MIA,
SFG@LAD,,,,,,,,,,,,,,
HOU@OAK,SFG@LAD,MIL@SDP,MIA@ARI,ATL@COL,MIN@TEX,BOS@KCR,NYY@STL,CIN@CHC,CWS@DET,WAS@PIT,CLE@TOR,SEA@NYM,ANA@PHI,TBD@BAL
HOU@OAK,SFG@LAD,MIL@SDP,MIA@ARI,ATL@COL,MIN@TEX,BOS@KCR,NYY@STL,CIN@CHC,CWS@DET,WAS@PIT,CLE@TOR,SEA@NYM,ANA@PHI,TBD@BAL
HOU@OAK,SFG@LAD,MIL@SDP,MIA@ARI,ATL@COL,MIN@TEX,BOS@KCR,NYY@STL,CIN@CHC,CWS@DET,WAS@PIT,CLE@TOR,SEA@NYM,ANA@PHI,TBD@BAL
MIL@LAD,MIN@ARI,MIA@COL,HOU@TEX,TBD@KCR,SFG@STL,CWS@CHC,BOS@TOR,ANA@NYY,WAS@PHI,SEA@BAL,,,,
ATL@OAK,MIL@LAD,MIN@ARI,MIA@COL,HOU@TEX,TBD@KCR,SFG@STL,CWS@CHC,CLE@DET,NYM@CIN,SDP@PIT,BOS@TOR,ANA@NYY,WAS@PHI,SEA@BAL
ATL@OAK,MIL@LAD,MIN@ARI,MIA@COL,HOU@TEX,TBD@KCR,SFG@STL,CLE@DET,NYM@CIN,SDP@PIT,BOS@TOR,ANA@NYY,WAS@PHI,SEA@BAL,
MIA@COL,HOU@TEX,CHC@STL,MIN@CWS,CLE@DET,NYM@CIN,SDP@PIT,ANA@NYY,WAS@PHI,,,,,,
TOR@SEA,ARI@SFG,ANA@TEX,CLE@HOU,SDP@KCR,CHC@STL,PIT@MIL,MIN@CWS,COL@CIN,BOS@NYY,NYM@PHI,OAK@BAL,ATL@WAS,DET@TBD,LAD@MIA
TOR@SEA,ARI@SFG,ANA@TEX,CLE@HOU,SDP@KCR,CHC@STL,PIT@MIL,MIN@CWS,COL@CIN,BOS@NYY,NYM@PHI,OAK@BAL,ATL@WAS,DET@TBD,LAD@MIA
TOR@SEA,ARI@SFG,ANA@TEX,CLE@HOU,SDP@KCR,CHC@STL,PIT@MIL,MIN@CWS,COL@CIN,BOS@NYY,NYM@PHI,OAK@BAL,ATL@WAS,DET@TBD,LAD@MIA
CHC@SFG,TOR@ANA,PIT@SDP,PHI@ARI,OAK@HOU,STL@MIL,DET@CWS,BAL@BOS,COL@WAS,CIN@ATL,LAD@MIA,,,,
TEX@SEA,CHC@SFG,TOR@ANA,PIT@SDP,PHI@ARI,OAK@HOU,LAD@MIN,STL@MIL,DET@CWS,KCR@CLE,BAL@BOS,NYY@NYM,COL@WAS,CIN@ATL,MIA@TBD
TEX@SEA,CHC@SFG,TOR@ANA,PIT@SDP,PHI@ARI,OAK@HOU,LAD@MIN,STL@MIL,DET@CWS,KCR@CLE,BAL@BOS,NYY@NYM,COL@WAS,CIN@ATL,MIA@TBD
CHC@SFG,TEX@OAK,SEA@ANA,PHI@SDP,LAD@ARI,STL@MIL,KCR@DET,CWS@CLE,NYY@BOS,MIA@NYM,CIN@ATL,,,,
TEX@OAK,SEA@ANA,PHI@SDP,LAD@ARI,SFG@COL,HOU@MIN,MIL@CHC,KCR@DET,TBD@CIN,CWS@CLE,STL@PIT,BAL@TOR,NYY@BOS,MIA@NYM,WAS@ATL
TEX@OAK,SEA@ANA,PHI@SDP,LAD@ARI,SFG@COL,HOU@MIN,MIL@CHC,KCR@DET,TBD@CIN,CWS@CLE,STL@PIT,BAL@TOR,NYY@BOS,MIA@NYM,WAS@ATL
TEX@OAK,SEA@ANA,PHI@SDP,LAD@ARI,SFG@COL,HOU@MIN,MIL@CHC,KCR@DET,TBD@CIN,CWS@CLE,STL@PIT,BAL@TOR,NYY@BOS,MIA@NYM,WAS@ATL
SEA@OAK,SDP@LAD,TEX@ANA,NYM@COL,CLE@MIN,ATL@CHC,MIL@PIT,TBD@TOR,CWS@NYY,,,,,,
SEA@OAK,SDP@LAD,TEX@ANA,NYM@COL,ARI@HOU,STL@KCR,CLE@MIN,ATL@CHC,SFG@DET,MIL@PIT,TBD@TOR,CWS@NYY,CIN@PHI,BOS@BAL,WAS@MIA
SDP@LAD,NYM@COL,ARI@HOU,STL@KCR,CLE@MIN,ATL@CHC,SFG@DET,MIL@PIT,TBD@TOR,CWS@NYY,CIN@PHI,BOS@BAL,WAS@MIA,,
ANA@SEA,NYM@LAD,DET@TEX,TOR@HOU,MIN@KCR,ATL@CHC,ARI@PIT,OAK@NYY,CIN@PHI,BOS@BAL,WAS@MIA,,,,
ANA@SEA,NYM@LAD,COL@SDP,DET@TEX,TOR@HOU,MIN@KCR,CIN@STL,CHC@MIL,CLE@CWS,ARI@PIT,OAK@NYY,SFG@PHI,BOS@TBD,ATL@MIA,
ANA@SEA,NYM@LAD,COL@SDP,DET@TEX,TOR@HOU,MIN@KCR,CIN@STL,CHC@MIL,CLE@CWS,ARI@PIT,OAK@NYY,SFG@PHI,WAS@BAL,BOS@TBD,ATL@MIA
ANA@SEA,NYM@LAD,COL@SDP,DET@TEX,TOR@HOU,MIN@KCR,CIN@STL,CHC@MIL,CLE@CWS,ARI@PIT,OAK@NYY,SFG@PHI,WAS@BAL,BOS@TBD,ATL@MIA
HOU@SEA,COL@ARI,NYY@KCR,PIT@STL,ANA@CWS,MIN@BOS,SFG@PHI,OAK@WAS,TOR@TBD,,,,,,
HOU@SEA,LAD@SFG,COL@ARI,PHI@TEX,NYY@KCR,PIT@STL,MIA@MIL,ANA@CWS,BAL@DET,CHC@CIN,SDP@CLE,MIN@BOS,ATL@NYM,OAK@WAS,TOR@TBD
HOU@SEA,LAD@SFG,COL@ARI,PHI@TEX,NYY@KCR,PIT@STL,MIA@MIL,ANA@CWS,BAL@DET,CHC@CIN,SDP@CLE,MIN@BOS,ATL@NYM,OAK@WAS,TOR@TBD
LAD@SFG,HOU@ANA,COL@ARI,MIA@MIL,NYY@CWS,BAL@DET,PIT@CIN,MIN@BOS,ATL@NYM,SDP@WAS,TOR@TBD,,,,
COL@SFG,ARI@LAD,HOU@ANA,MIL@STL,KCR@MIN,TEX@DET,PIT@CIN,SEA@CLE,CHC@TOR,OAK@BOS,PHI@NYM,SDP@WAS,MIA@ATL,BAL@TBD,
COL@SFG,ARI@LAD,HOU@ANA,MIL@STL,KCR@MIN,NYY@CWS,TEX@DET,PIT@CIN,SEA@CLE,CHC@TOR,OAK@BOS,PHI@NYM,SDP@WAS,MIA@ATL,BAL@TBD
COL@SFG,ARI@LAD,HOU@ANA,MIL@STL,KCR@MIN,NYY@CWS,TEX@DET,PIT@CIN,SEA@CLE,CHC@TOR,OAK@BOS,PHI@NYM,SDP@WAS,MIA@ATL,BAL@TBD
CLE@OAK,KCR@ARI,WAS@COL,SEA@HOU,LAD@CHC,TBD@NYY,TEX@BAL,MIL@ATL,,,,,,,
CLE@OAK,NYM@ANA,SFG@SDP,KCR@ARI,WAS@COL,SEA@HOU,CWS@MIN,LAD@CHC,DET@PIT,STL@TOR,CIN@BOS,TBD@NYY,TEX@BAL,MIL@ATL,PHI@MIA
CLE@OAK,NYM@ANA,SFG@SDP,WAS@COL,SEA@HOU,CWS@MIN,LAD@CHC,DET@PIT,STL@TOR,CIN@BOS,TBD@NYY,TEX@BAL,MIL@ATL,PHI@MIA,
CWS@SEA,NYM@ANA,SFG@ARI,WAS@COL,CLE@KCR,CIN@MIL,LAD@CHC,MIA@PIT,TOR@NYY,BOS@BAL,,,,,
CWS@SEA,NYM@OAK,TBD@ANA,WAS@SDP,SFG@ARI,LAD@COL,TEX@HOU,CLE@KCR,DET@MIN,CIN@MIL,STL@CHC,MIA@PIT,TOR@NYY,ATL@PHI,BOS@BAL
CWS@SEA,NYM@OAK,TBD@ANA,WAS@SDP,SFG@ARI,LAD@COL,TEX@HOU,CLE@KCR,DET@MIN,CIN@MIL,STL@CHC,MIA@PIT,TOR@NYY,ATL@PHI,BOS@BAL
CWS@SEA,NYM@OAK,TBD@ANA,WAS@SDP,SFG@ARI,LAD@COL,TEX@HOU,CLE@KCR,DET@MIN,CIN@MIL,STL@CHC,MIA@PIT,TOR@NYY,ATL@PHI,BOS@BAL
TBD@SEA,SDP@SFG,COL@TEX,TOR@KCR,HOU@DET,STL@CIN,PIT@PHI,,,,,,,,
TBD@SEA,SDP@SFG,ANA@LAD,COL@TEX,TOR@KCR,MIN@MIL,BOS@CWS,HOU@DET,STL@CIN,ARI@CLE,BAL@NYY,PIT@PHI,NYM@WAS,OAK@ATL,CHC@MIA
TBD@SEA,SDP@SFG,ANA@LAD,TOR@KCR,MIN@MIL,BOS@CWS,HOU@DET,STL@CIN,ARI@CLE,BAL@NYY,PIT@PHI,NYM@WAS,OAK@ATL,CHC@MIA,
SDP@LAD,BAL@TEX,BOS@CWS,HOU@DET,MIL@CIN,ARI@CLE,OAK@TOR,NYM@WAS,COL@ATL,CHC@MIA,,,,,
ANA@SEA,KCR@SFG,SDP@LAD,BAL@TEX,PIT@STL,HOU@CWS,BOS@DET,MIL@CIN,NYY@CLE,OAK@TOR,CHC@NYM,PHI@WAS,COL@ATL,MIN@TBD,ARI@MIA
ANA@SEA,KCR@SFG,SDP@LAD,BAL@TEX,PIT@STL,HOU@CWS,BOS@DET,MIL@CIN,NYY@CLE,OAK@TOR,CHC@NYM,PHI@WAS,COL@ATL,MIN@TBD,ARI@MIA
ANA@SEA,KCR@SFG,SDP@LAD,BAL@TEX,PIT@STL,HOU@CWS,BOS@DET,MIL@CIN,NYY@CLE,OAK@TOR,CHC@NYM,PHI@WAS,COL@ATL,MIN@TBD,ARI@MIA
KCR@OAK,TEX@ANA,PHI@STL,CLE@MIN,SFG@CHC,BAL@CIN,MIL@PIT,NYY@BOS,COL@NYM,CWS@TBD,ARI@MIA,,,,
KCR@OAK,TEX@ANA,SEA@SDP,LAD@ARI,MIA@HOU,PHI@STL,CLE@MIN,SFG@CHC,BAL@CIN,MIL@PIT,DET@TOR,NYY@BOS,COL@NYM,ATL@WAS,CWS@TBD
KCR@OAK,TEX@ANA,SEA@SDP,LAD@ARI,MIA@HOU,PHI@STL,CLE@MIN,SFG@CHC,BAL@CIN,MIL@PIT,DET@TOR,NYY@BOS,COL@NYM,ATL@WAS,CWS@TBD
TEX@ANA,SFG@SDP,MIA@HOU,PHI@STL,CLE@MIN,MIL@PIT,DET@TOR,COL@NYM,ATL@WAS,CWS@TBD,,,,,
TEX@OAK,KCR@ANA,SFG@SDP,STL@ARI,CLE@COL,SEA@HOU,CWS@MIN,LAD@MIL,CIN@CHC,ATL@PIT,TBD@TOR,DET@BOS,WAS@NYM,MIA@PHI,NYY@BAL
TEX@OAK,KCR@ANA,SFG@SDP,STL@ARI,CLE@COL,SEA@HOU,CWS@MIN,LAD@MIL,CIN@CHC,ATL@PIT,TBD@TOR,DET@BOS,WAS@NYM,MIA@PHI,NYY@BAL
TEX@OAK,KCR@ANA,SFG@SDP,STL@ARI,CLE@COL,SEA@HOU,CWS@MIN,LAD@MIL,CIN@CHC,ATL@PIT,TBD@TOR,DET@BOS,WAS@NYM,MIA@PHI,NYY@BAL
STL@SFG,HOU@ANA,ARI@SDP,CHC@COL,SEA@TEX,OAK@KCR,LAD@MIL,DET@BOS,MIA@PHI,NYY@BAL,NYM@ATL,,,,
STL@SFG,HOU@ANA,ARI@SDP,CHC@COL,SEA@TEX,OAK@KCR,CIN@MIL,LAD@CWS,PIT@DET,MIN@CLE,BOS@NYY,WAS@PHI,TOR@BAL,NYM@ATL,TBD@MIA
STL@SFG,HOU@ANA,ARI@SDP,CHC@COL,SEA@TEX,OAK@KCR,CIN@MIL,LAD@CWS,PIT@DET,MIN@CLE,BOS@NYY,WAS@PHI,TOR@BAL,NYM@ATL,TBD@MIA
CIN@SFG,ARI@SDP,SEA@TEX,OAK@KCR,CHC@STL,LAD@CWS,MIN@CLE,BOS@NYY,WAS@PHI,TOR@BAL,,,,,
OAK@SEA,CIN@SFG,ARI@LAD,SDP@COL,HOU@TEX,CWS@KCR,CHC@STL,MIN@DET,ANA@CLE,NYM@PIT,TBD@BOS,TOR@NYY,MIL@BAL,PHI@ATL,WAS@MIA
OAK@SEA,CIN@SFG,ARI@LAD,SDP@COL,HOU@TEX,CWS@KCR,CHC@STL,MIN@DET,ANA@CLE,NYM@PIT,TBD@BOS,TOR@NYY,MIL@BAL,PHI@ATL,WAS@MIA
OAK@SEA,CIN@SFG,ARI@LAD,SDP@COL,HOU@TEX,CWS@KCR,CHC@STL,MIN@DET,ANA@CLE,NYM@PIT,TBD@BOS,TOR@NYY,MIL@BAL,PHI@ATL,WAS@MIA
SDP@SEA,CWS@OAK,SFG@ARI,ANA@HOU,PIT@CHC,DET@CLE,NYY@TBD,,,,,,,,
SDP@SEA,CWS@OAK,COL@LAD,SFG@ARI,ANA@HOU,KCR@STL,TEX@MIN,ATL@MIL,PIT@CHC,BOS@CIN,DET@CLE,PHI@TOR,MIA@NYM,BAL@WAS,NYY@TBD
CWS@OAK,COL@LAD,SFG@ARI,KCR@STL,TEX@MIN,ATL@MIL,PIT@CHC,BOS@CIN,DET@CLE,PHI@TOR,MIA@NYM,BAL@WAS,NYY@TBD,,
CLE@SEA,ANA@OAK,SDP@ARI,BAL@HOU,TEX@MIN,ATL@MIL,PIT@CHC,KCR@CWS,STL@CIN,MIA@NYM,BOS@TBD,,,,
CLE@SEA,ANA@OAK,SFG@LAD,SDP@ARI,BAL@HOU,DET@MIN,PIT@MIL,COL@CHC,KCR@CWS,STL@CIN,NYY@TOR,TEX@NYM,ATL@PHI,MIA@WAS,BOS@TBD
CLE@SEA,ANA@OAK,SFG@LAD,SDP@ARI,BAL@HOU,DET@MIN,PIT@MIL,COL@CHC,KCR@CWS,STL@CIN,NYY@TOR,TEX@NYM,ATL@PHI,MIA@WAS,BOS@TBD
CLE@SEA,ANA@OAK,SFG@LAD,SDP@ARI,BAL@HOU,DET@MIN,PIT@MIL,COL@CHC,KCR@CWS,STL@CIN,NYY@TOR,TEX@NYM,ATL@PHI,MIA@WAS,BOS@TBD
DET@KCR,MIL@STL,CLE@CWS,HOU@NYY,NYM@PHI,TBD@BAL,WAS@ATL,CIN@MIA,,,,,,,
ARI@SFG,SEA@ANA,MIN@SDP,LAD@COL,OAK@TEX,DET@KCR,MIL@STL,CLE@CWS,CHC@PIT,TOR@BOS,HOU@NYY,NYM@PHI,TBD@BAL,WAS@ATL,CIN@MIA
ARI@SFG,SEA@ANA,MIN@SDP,LAD@COL,OAK@TEX,DET@KCR,MIL@STL,CLE@CWS,CHC@PIT,TOR@BOS,HOU@NYY,NYM@PHI,TBD@BAL,WAS@ATL,CIN@MIA
MIL@SFG,SEA@ANA,MIN@SDP,LAD@COL,OAK@TEX,DET@KCR,CIN@PIT,TOR@BOS,HOU@NYY,NYM@PHI,TBD@BAL,WAS@ATL,,,
MIL@SFG,OAK@ANA,LAD@SDP,ARI@COL,SEA@TEX,MIN@KCR,STL@CHC,CWS@DET,TOR@CLE,CIN@PIT,BAL@BOS,TBD@NYY,PHI@WAS,HOU@ATL,NYM@MIA
MIL@SFG,OAK@ANA,LAD@SDP,ARI@COL,SEA@TEX,MIN@KCR,STL@CHC,CWS@DET,TOR@CLE,CIN@PIT,BAL@BOS,TBD@NYY,PHI@WAS,HOU@ATL,NYM@MIA
MIL@SFG,OAK@ANA,LAD@SDP,ARI@COL,SEA@TEX,MIN@KCR,STL@CHC,CWS@DET,TOR@CLE,CIN@PIT,BAL@BOS,TBD@NYY,PHI@WAS,HOU@ATL,NYM@MIA
